track,category,target,model,n_pairs,n_responses,positive_rate,pr_auc,roc_auc,top1,ndcg@3,brier,pr_auc_lo,pr_auc_hi,top1_lo,top1_hi
tr,ALL,y_top,naive_position,4894,136,0.027789129546383327,0.0850453213964063,0.6768785698390327,0.08823529411764706,0.16036248188025426,0.056899705444771555,,,,
tr,ALL,y_top,naive_frequency,4894,136,0.027789129546383327,0.16628438974046517,0.8706072435279284,0.21323529411764705,0.42349173571428916,0.024415875270259436,,,,
tr,ALL,y_top,M0,4894,136,0.027789129546383327,0.1976811179517005,0.9013719926810574,0.3014705882352941,0.4321562047006356,0.07802801814301465,,,,
tr,ALL,y_top,M1,4894,136,0.027789129546383327,0.23357565932449864,0.9006309806394184,0.3088235294117647,0.4468620870535768,0.07695207723260726,,,,
tr,ALL,y_top,M2,4894,136,0.027789129546383327,0.22973540236147386,0.8899593254704152,0.3382352941176471,0.48599173571428916,0.05078172975244839,,,,
tr,cosmetics,y_top,naive_position,3108,42,0.013513513513513514,0.047139663569683854,0.636970770043177,0.07142857142857142,0.09835547032312994,0.03126100499187234,0.025026179537262425,0.10526680526680526,0.0,0.2
tr,cosmetics,y_top,naive_frequency,3108,42,0.013513513513513514,0.1597120581875417,0.8196541173547044,0.19047619047619047,0.4115613933673511,0.01218389192866453,0.10510510510510511,0.2643531105069567,0.07692307692307693,0.25
tr,cosmetics,y_top,M0,3108,42,0.013513513513513514,0.21062597817219234,0.847987140061504,0.42857142857142855,0.5337263875000049,0.02914264767800354,0.1368835769925884,0.7525187909803295,0.2,0.8461538461538461
tr,cosmetics,y_top,M1,3108,42,0.013513513513513514,0.2361869113196505,0.848833597365887,0.42857142857142855,0.5337263875000049,0.027727433394350905,0.16353783052440496,0.7097751775889427,0.2,0.8461538461538461
tr,cosmetics,y_top,M2,3108,42,0.013513513513513514,0.13981165605705065,0.8072717671543503,0.23809523809523808,0.3489202087585068,0.026982107138840212,0.11234447769204121,0.4642857142857143,0.20833333333333334,0.4
tr,vpn,y_top,naive_position,1786,94,0.05263157894736842,0.11428770873538328,0.6645415220562345,0.09574468085106383,0.18806774236322468,0.10151621216795789,0.10420802422572104,0.1260525277248444,0.04612359550561798,0.1346153846153846
tr,vpn,y_top,naive_frequency,1786,94,0.05263157894736842,0.17867232674853156,0.8603503344902168,0.22340425531914893,0.42882231420972955,0.04570199185798451,0.15873593607616954,0.2832845625259824,0.046511627906976744,0.48148148148148145
tr,vpn,y_top,M0,1786,94,0.05263157894736842,0.22016790973213696,0.8897188270207737,0.24468085106382978,0.3867737825987898,0.1630984164662255,0.16553569290890252,0.4878905038228114,0.029411764705882353,0.547945205479452
tr,vpn,y_top,M1,1786,94,0.05263157894736842,0.2508524935335835,0.888382752376641,0.2553191489361702,0.40805037834347063,0.16261287961183504,0.15008375841116664,0.4848256385910848,0.06862745098039216,0.5222222222222223
tr,vpn,y_top,M2,1786,94,0.05263157894736842,0.2836977203062814,0.897703837835119,0.3829787234042553,0.5472364605243195,0.09219787033648771,0.21464389348764248,0.4103481708628931,0.29341674993187394,0.4537037037037037
tr,ALL,y_mention,naive_position,13950,300,0.13584229390681005,0.28241140797370257,0.648957230985074,,0.24890497652159935,0.11820114185791136,,,,
tr,ALL,y_mention,naive_frequency,13950,300,0.13584229390681005,0.3259841614062319,0.6322073740737539,,0.5941486427490352,0.12148447614196341,,,,
tr,ALL,y_mention,M0,13950,300,0.13584229390681005,0.4220620576127962,0.751588311706788,,0.6030818499715752,0.16963279328704783,,,,
tr,ALL,y_mention,M1,13950,300,0.13584229390681005,0.4969961945657878,0.8149027161131533,,0.7145860517668806,0.14853402056811632,,,,
tr,ALL,y_mention,M2,13950,300,0.13584229390681005,0.48790646283301914,0.8106499563894156,,0.7428401388905697,0.14621038982172838,,,,
tr,cosmetics,y_mention,naive_position,11100,150,0.11693693693693694,0.24416688069591036,0.6336805419100973,,0.25634461237783995,0.10503281090046962,0.18295636552657743,0.3229730949704861,0.0,0.0
tr,cosmetics,y_mention,naive_frequency,11100,150,0.11693693693693694,0.22035871372112648,0.5403678504654092,,0.5455687597346789,0.10981799972673964,0.14804530399104399,0.2881987296324204,0.11764705882352941,0.11764705882352941
tr,cosmetics,y_mention,M0,11100,150,0.11693693693693694,0.25738684823514885,0.6794270783390957,,0.4567193154284422,0.1702271008603871,0.19408769976861212,0.3472264699199743,0.17647058823529413,0.17647058823529413
tr,cosmetics,y_mention,M1,11100,150,0.11693693693693694,0.3802955092816015,0.7697105304442444,,0.6498828475766913,0.14323528674390215,0.3189134041247883,0.4747241808388666,0.17647058823529413,0.17647058823529413
tr,cosmetics,y_mention,M2,11100,150,0.11693693693693694,0.35840321230504957,0.760112633848191,,0.6916224429179632,0.15106838055853294,0.2837953913084744,0.4638266995036856,0.23529411764705882,0.23529411764705882
tr,vpn,y_mention,naive_position,2850,150,0.2094736842105263,0.3799230694365342,0.6693970667065169,,0.24172187983281523,0.16948832558689492,0.3465352914846473,0.42348456912299665,0.0,0.0
tr,vpn,y_mention,naive_frequency,2850,150,0.2094736842105263,0.5001689489541075,0.806135649396561,,0.6410533573835864,0.1669223316538876,0.38722607279038773,0.6183316637081328,0.0,1.0
tr,vpn,y_mention,M0,2850,150,0.2094736842105263,0.6633998870958824,0.881021842456847,,0.744397400564945,0.16731812168562107,0.5610428199789457,0.7700351686281607,0.0,1.0
tr,vpn,y_mention,M1,2850,150,0.2094736842105263,0.6921337586974088,0.894937031659258,,0.7770581109849942,0.1691711944097925,0.6323272830606627,0.7765768894988778,0.0,1.0
tr,vpn,y_mention,M2,2850,150,0.2094736842105263,0.697871447976616,0.9051054949254334,,0.7922917074158449,0.12728979432048942,0.6002775102806859,0.8374842842081508,0.0,1.0
en,ALL,y_top,naive_position,181467,6538,0.03602858922007858,0.11649550455353053,0.6964492888755822,0.12282043438360354,0.23127571440917127,0.08433304863426537,,,,
en,ALL,y_top,naive_frequency,181467,6538,0.03602858922007858,0.5893004431151933,0.9237314952695374,0.6489752217803609,0.720561965911378,0.0185190833528001,,,,
en,ALL,y_top,M0,181467,6538,0.03602858922007858,0.6575599480455916,0.9309528571029686,0.6489752217803609,0.7505395351297948,0.050456488121227924,,,,
en,ALL,y_top,M1,181467,6538,0.03602858922007858,0.6968326063372796,0.9484882514087555,0.6540226368920159,0.794128379412123,0.045218080126705175,,,,
en,ALL,y_top,M2,181467,6538,0.03602858922007858,0.6718191086926328,0.9473396230025071,0.6986846130315081,0.7875984645610307,0.033624735483346595,,,,
en,editors,y_top,naive_position,63900,2130,0.03333333333333333,0.11233391376922165,0.6794890708451237,0.09483568075117371,0.2012387383501032,0.07486656486291844,0.09738106806243237,0.13682189892571395,0.04643566926095752,0.1543746498599439
en,editors,y_top,naive_frequency,63900,2130,0.03333333333333333,0.801743754900506,0.9397052445806455,0.9131455399061033,0.9131455399061033,0.00566678773366792,0.5993308322656019,1.0,0.8109849007030661,1.0
en,editors,y_top,M0,63900,2130,0.03333333333333333,0.8299781163246998,0.9781790087565487,0.9131455399061033,0.9173708920187793,0.024478874366913806,0.6276258798866595,1.0,0.8109849007030661,1.0
en,editors,y_top,M1,63900,2130,0.03333333333333333,0.8618893581507011,0.9874277856443067,0.9131455399061033,0.9442312304124759,0.021271906099575313,0.6998286051986531,1.0,0.8109849007030661,1.0
en,editors,y_top,M2,63900,2130,0.03333333333333333,0.8381913143456937,0.9663187342716923,0.9131455399061033,0.9148502017622401,0.01302443837714644,0.6546886188580459,0.9998615012610449,0.8109849007030661,1.0
en,hosting,y_top,naive_position,47196,1311,0.027777777777777776,0.10626619923246639,0.7198596098909762,0.01906941266209001,0.1374524684183306,0.07778116334457115,0.089303703397889,0.12275421981683567,0.010516739945080306,0.029691385346451868
en,hosting,y_top,naive_frequency,47196,1311,0.027777777777777776,0.11509809097514746,0.7954039910242225,0.08390541571319603,0.14787732230849046,0.028689973493581725,0.06358645133122713,0.19116361517184194,0.009194286129161072,0.2133709379927911
en,hosting,y_top,M0,47196,1311,0.027777777777777776,0.13111032565587685,0.8180035536391802,0.08390541571319603,0.2945062602893195,0.0676847220954173,0.07113233891173029,0.25010405102294536,0.009194286129161072,0.2133709379927911
en,hosting,y_top,M1,47196,1311,0.027777777777777776,0.16493214312698293,0.8807697368317154,0.10907704042715484,0.4418480472839815,0.06259920664977388,0.11037892007317845,0.2493868847078902,0.03509805699686155,0.22612416999680893
en,hosting,y_top,M2,47196,1311,0.027777777777777776,0.19033737899520464,0.8955812324563274,0.2318840579710145,0.4335429080690919,0.05878900014936774,0.13838032839622694,0.2799282071997572,0.16465030318532095,0.3337279307143
en,travel,y_top,naive_position,38907,1441,0.037037037037037035,0.12903649432848283,0.6845113661785713,0.19361554476058293,0.2930233683379627,0.05761936972365503,0.08369782948451404,0.21922128856409184,0.09646513902295639,0.32833591331269346
en,travel,y_top,naive_frequency,38907,1441,0.037037037037037035,0.5463688101477473,0.9327997333358327,0.7814018043025677,0.8091181658149114,0.01682138597608331,0.23198169713562716,0.9598246972415966,0.485830794575706,0.9806513382608681
en,travel,y_top,M0,38907,1441,0.037037037037037035,0.548436023251792,0.8772432043220459,0.7814018043025677,0.8054837521141075,0.041851292913858675,0.22654753433348013,0.9681624445613384,0.485830794575706,0.9806513382608681
en,travel,y_top,M1,38907,1441,0.037037037037037035,0.6534918509708628,0.8929080941784164,0.7814018043025677,0.8274173124120165,0.03346530401238525,0.3479140082861567,0.9655276875318931,0.485830794575706,0.9806513382608681
en,travel,y_top,M2,38907,1441,0.037037037037037035,0.5404039605724381,0.8905758940615991,0.7772380291464261,0.8165199930876393,0.03306787040775323,0.22092769199008408,0.9844808828378838,0.48574997561018873,0.978095711543207
en,vpn,y_top,naive_position,31464,1656,0.05263157894736842,0.13297364415162302,0.6995049212706896,0.1793478260869565,0.2904560677838201,0.14641924862462244,0.12099218563973109,0.14665779789273434,0.11337146469350633,0.24181125378576313
en,vpn,y_top,naive_frequency,31464,1656,0.05263157894736842,0.5354417099224376,0.9693852856348262,0.6413043478260869,0.8491713083592214,0.03146367624671497,0.3848761777949075,0.7991357013139595,0.4278491077312664,0.8257563345363946
en,vpn,y_top,M0,31464,1656,0.05263157894736842,0.579875820606078,0.971972495954787,0.6413043478260869,0.8491713083592214,0.08801268308016338,0.42039808304697646,0.8029592374244982,0.4278491077312664,0.8257563345363946
en,vpn,y_top,M1,31464,1656,0.05263157894736842,0.6640619291201691,0.9782627637329796,0.6413043478260869,0.85098290256212,0.08231146091842566,0.47396601240767505,0.8576638196888234,0.4278491077312664,0.8257563345363946
en,vpn,y_top,M2,31464,1656,0.05263157894736842,0.8008957052607766,0.9818241435201392,0.7240338164251208,0.8790505851621859,0.038403921200507986,0.7301801343632264,0.8598774092539295,0.6378241244683881,0.7948138310899507
en,ALL,y_mention,naive_position,268500,9586,0.2344581005586592,0.4098828966667756,0.6525842876516229,,0.4354167346570374,0.18787058302871462,,,,
en,ALL,y_mention,naive_frequency,268500,9586,0.2344581005586592,0.4670544142095006,0.6552409384925973,,0.6833721736142059,0.20364916167297228,,,,
en,ALL,y_mention,M0,268500,9586,0.2344581005586592,0.6163101212380541,0.8235030280819571,,0.7655374272881896,0.15617878695316093,,,,
en,ALL,y_mention,M1,268500,9586,0.2344581005586592,0.6936121758675424,0.8550440083063539,,0.831006948580935,0.14272222170991067,,,,
en,ALL,y_mention,M2,268500,9586,0.2344581005586592,0.7391172267972896,0.879953207728193,,0.8696013127269372,0.13214719267403982,,,,
en,editors,y_mention,naive_position,72000,2400,0.25980555555555557,0.3905898365808747,0.6262038382543734,,0.36103777181662555,0.21888227591087875,0.34853148172306686,0.4362160863834375,0.0,1.0
en,editors,y_mention,naive_frequency,72000,2400,0.25980555555555557,0.4881130388871646,0.6358481030834763,,0.7107367934720347,0.22527611208109413,0.4073416679466661,0.5602575028544113,1.0,1.0
en,editors,y_mention,M0,72000,2400,0.25980555555555557,0.6520375229510427,0.8092875992302208,,0.8021341766940101,0.16585669507096656,0.5653294951648109,0.7539400360591376,1.0,1.0
en,editors,y_mention,M1,72000,2400,0.25980555555555557,0.6939496298099525,0.833512694034549,,0.8643040546868412,0.15789764086282537,0.6283732258512722,0.7703896822690974,1.0,1.0
en,editors,y_mention,M2,72000,2400,0.25980555555555557,0.7336576906176611,0.8510135608364103,,0.8817588190729515,0.1503336131394163,0.6720766768431535,0.808856236421737,1.0,1.0
en,hosting,y_mention,naive_position,86328,2398,0.22295199703456584,0.39929113324702104,0.643621103730015,,0.5556224190837674,0.17929497124223714,0.3446160054009224,0.43723113370297517,0.0,0.8571428571428571
en,hosting,y_mention,naive_frequency,86328,2398,0.22295199703456584,0.3746443444943555,0.6618557234305805,,0.4539931798398408,0.20389275849792554,0.27897002791169084,0.48316331638492543,0.0,0.0
en,hosting,y_mention,M0,86328,2398,0.22295199703456584,0.4102016013149785,0.74735808953898,,0.4761071706822499,0.18240955119531294,0.2855047801423443,0.5492902550976143,0.0,0.14285714285714285
en,hosting,y_mention,M1,86328,2398,0.22295199703456584,0.5614912464546157,0.8105042717777831,,0.6417023175483327,0.1622228432651244,0.4372158001002533,0.6621381866533473,0.0,0.14285714285714285
en,hosting,y_mention,M2,86328,2398,0.22295199703456584,0.637717066357051,0.8466455204161708,,0.7462830573591219,0.15044768517244922,0.5196422371116158,0.7306867160362458,0.0,0.14285714285714285
en,travel,y_mention,naive_position,64800,2400,0.2280246913580247,0.44046229535675807,0.6673041086190918,,0.44603989944607,0.18070104431061404,0.38766434290995583,0.4938264353926762,0.0,0.0
en,travel,y_mention,naive_frequency,64800,2400,0.2280246913580247,0.42341523942257686,0.635917758934293,,0.6805492636827669,0.19829333495810755,0.36487123104643804,0.49395594916930885,0.0,1.0
en,travel,y_mention,M0,64800,2400,0.2280246913580247,0.6048035484242409,0.7983105196673977,,0.8716267693841775,0.14476587369351301,0.4774980095397881,0.7504623850068979,0.0,0.16666666666666666
en,travel,y_mention,M1,64800,2400,0.2280246913580247,0.7084966267083188,0.8449337333780922,,0.8902899457093931,0.12724264290410406,0.6000373371154548,0.8023549873039773,0.0,1.0
en,travel,y_mention,M2,64800,2400,0.2280246913580247,0.7316957616062196,0.8700083015377309,,0.8967001631761908,0.12918783590021143,0.6206599912709151,0.827189902772204,0.0,1.0
en,vpn,y_mention,naive_position,45372,2388,0.22531517235299303,0.4563530260435637,0.6984759953188983,,0.3796257821029445,0.1652147520254555,0.42041559919990423,0.49270897510745515,0.0,0.0
en,vpn,y_mention,naive_frequency,45372,2388,0.22531517235299303,0.6742508641623415,0.84926470443971,,0.895889852556631,0.1765154209305299,0.5808732833621327,0.7525381626064983,0.0,1.0
en,vpn,y_mention,M0,45372,2388,0.22531517235299303,0.732828786150008,0.9278403043465884,,0.9122887280093455,0.10721241957342627,0.6082214544310941,0.8604003676136991,0.0,0.6666666666666666
en,vpn,y_mention,M1,45372,2388,0.22531517235299303,0.8284658404487533,0.9428544142734436,,0.9277575495472732,0.10364518895816767,0.749190081597148,0.8897814991727067,0.3333333333333333,1.0
en,vpn,y_mention,M2,45372,2388,0.22531517235299303,0.8760798225835621,0.9623822539274098,,0.9555472029455481,0.07269420689061137,0.8005879971285417,0.9289493545628134,0.0,0.6666666666666666
