track,domain,target,comparison,a,b,independent_query_groups,delta_pr_auc,delta_pr_auc_lo,delta_pr_auc_hi,delta_top1,delta_top1_lo,delta_top1_hi,delta_ndcg@3,delta_ndcg@3_lo,delta_ndcg@3_hi
en,editors,y_top,transfer_gap,general_seen,general_unseen,10.0,0.318206582428841,0.21273280705491374,0.3932687045085177,0.2014719411223551,0.10795080279950597,0.2873082111206963,0.11720977428045465,0.07948002825610608,0.15609211394143102
en,editors,y_top,prior_dependence,M2_full,general_seen,10.0,0.18174610072994568,0.05963144439811945,0.28265801396455476,0.20975160993560257,0.11375863021264844,0.29981499051233396,0.121350482974106,0.05611609569792219,0.17718277574330354
en,editors,y_top,unseen_vs_position,general_unseen,naive_position,10.0,0.11952066037785952,0.04913830682817214,0.1933678188093397,0.16191352345906163,0.017150981063365614,0.3085764520610359,0.18026739767380906,0.07428158819774136,0.2682906166502382
en,editors,y_top,invariant_transfer_gap,invariant_seen,invariant_unseen,10.0,0.04127224492424608,-0.018803776650210376,0.0880801602287122,0.014719411223551058,0.003774378575156509,0.028070173451263267,0.016952983079248862,0.008906224601117963,0.026332642595075655
en,editors,y_top,invariant_vs_general_unseen,invariant_unseen,general_unseen,10.0,0.3276047455623054,0.21992820310125047,0.43929210063255786,0.19411223551057957,0.10754296934746034,0.2748911117575501,0.10249123734393117,0.06722392110314916,0.13999814179835113
en,hosting,y_top,transfer_gap,general_seen,general_unseen,10.0,-0.0019966707935017147,-0.020523876620506625,0.017126851333492902,0.055782312925170066,0.022191886736099738,0.09922284378983147,0.03356052170067969,0.010290216949988298,0.05427484246517587
en,hosting,y_top,prior_dependence,M2_full,general_seen,10.0,0.07912552749388277,-0.00707878654756933,0.15533457875733286,0.06258503401360545,-0.10911337919837828,0.23191359257225574,0.07669131958697911,-0.017241281030369336,0.1566318353483262
en,hosting,y_top,unseen_vs_position,general_unseen,naive_position,10.0,0.02925071696060147,-0.017177521010834678,0.14450788497381745,0.0326530612244898,-0.06775209319257372,0.15595012014572507,0.063458930728864,-0.02675622680983108,0.18165087363636453
en,hosting,y_top,invariant_transfer_gap,invariant_seen,invariant_unseen,10.0,-0.008468543892179603,-0.03707793695228554,0.025234088953974124,-0.0027210884353741495,-0.017446248703400433,0.010881514030218921,0.0002594591350822961,-0.009465527440475867,0.011726503415075258
en,hosting,y_top,invariant_vs_general_unseen,invariant_unseen,general_unseen,10.0,0.09780931276897353,0.028077861506262538,0.18953803782007925,0.11836734693877551,0.0546973409801877,0.20706146120308092,0.08407879347424624,0.0461373853548802,0.12415837768995647
en,travel,y_top,transfer_gap,general_seen,general_unseen,10.0,0.03816798418141948,-0.02829066969970205,0.17830429416382565,0.015604681404421327,-0.1567055934242181,0.16892223753962538,0.0029425355749567172,-0.11727075432003772,0.09034747985754185
en,travel,y_top,prior_dependence,M2_full,general_seen,10.0,0.2668504397774569,0.10059286215469644,0.5894764796154662,0.3094928478543563,0.13646098842078433,0.5285423456364869,0.21447430904699638,0.08127272887646758,0.37148142150517255
en,travel,y_top,unseen_vs_position,general_unseen,naive_position,10.0,0.04918127598742772,-0.06000337742092318,0.18629101636518203,0.13133940182054615,-0.06304134013155824,0.3283398227712137,0.1048356242801417,-0.030462868972907228,0.2430316787119117
en,travel,y_top,invariant_transfer_gap,invariant_seen,invariant_unseen,10.0,0.02418351064958918,-0.006451509422807484,0.11338026569778427,0.02340702210663199,-0.017812384130515387,0.07049508309727173,0.014351175157904072,-0.008140976275713873,0.038751171177544605
en,travel,y_top,invariant_vs_general_unseen,invariant_unseen,general_unseen,10.0,0.1125883360103217,0.030347157453964744,0.29790060791157746,0.06501950585175553,-0.021821475625823445,0.18286308332049894,0.0685641167889659,0.019959558920838994,0.12895721061124288
en,vpn,y_top,transfer_gap,general_seen,general_unseen,10.0,0.2757274141556809,0.1846203352398945,0.3803894023849239,0.2953846153846154,0.1901792556102901,0.41586199911828126,0.17791466395237765,0.11928981372842994,0.23316791136021495
en,vpn,y_top,prior_dependence,M2_full,general_seen,10.0,0.15598480272156479,-0.005102130971591286,0.26588847996611503,-0.0041025641025641026,-0.1669142826868866,0.150609554081017,0.06269644005494768,-0.05182039145645513,0.17176285682333317
en,vpn,y_top,unseen_vs_position,general_unseen,naive_position,10.0,0.0634291687235908,0.01826003515726498,0.11019941528105305,0.057435897435897436,-0.057721760197544665,0.16382709807886753,0.10555344366666913,-0.006424141129655237,0.2065872552590372
en,vpn,y_top,invariant_transfer_gap,invariant_seen,invariant_unseen,10.0,0.13508853245352126,0.060826309254852204,0.19320495652569733,0.0041025641025641026,-0.042224779655307916,0.03352032492856591,0.01047632972161161,-0.013007495568198598,0.02944244239117384
en,vpn,y_top,invariant_vs_general_unseen,invariant_unseen,general_unseen,10.0,0.30955938738270117,0.20491602048425972,0.43260877077435056,0.29846153846153844,0.21128012663398693,0.4099078395418352,0.20448304712453957,0.15682703942528226,0.24857555799521674
tr,cosmetics,y_top,en_transfer_vs_tr_trained,general_en_transfer,general_seen,3.0,0.008820631371178056,-0.011360808728762758,0.15639683734621262,0.08333333333333333,-0.08333333333333333,0.4,0.05158918720237854,-0.041666666666666664,0.2738140492857085
tr,cosmetics,y_top,en_transfer_vs_position,general_en_transfer,naive_position,3.0,0.03480898722643211,-0.02695992878941253,0.11836562605936729,0.041666666666666664,-0.08333333333333333,0.2,0.0942441461309548,-0.08333333333333334,0.3261859507142915
tr,cosmetics,y_top,invariant_en_transfer_vs_position,invariant_en_transfer,naive_position,3.0,0.09371431722657331,0.025202321314454323,0.36245425693541544,0.08333333333333333,0.0,0.2,0.14682162559524295,0.01091081279762146,0.3261859507142915
tr,cosmetics,y_top,invariant_vs_general_en_transfer,invariant_en_transfer,general_en_transfer,3.0,0.0589053300001412,-0.016129653974745972,0.24408863087604815,0.041666666666666664,0.0,0.08333333333333333,0.052577479464288146,0.0,0.0942441461309548
tr,vpn,y_top,en_transfer_vs_tr_trained,general_en_transfer,general_seen,5.0,0.05049523617837917,-0.12373161506124447,0.1358414914485359,-0.017543859649122806,-0.1346813725490196,0.125,0.022554009147872756,-0.08823529411764708,0.1547622424840081
tr,vpn,y_top,en_transfer_vs_position,general_en_transfer,naive_position,5.0,0.08584509542123661,-0.013479991856106488,0.2009366208484615,0.07017543859649122,-0.06266163793103448,0.22,0.07100768471178354,-0.04650439040178389,0.21372564758568563
tr,vpn,y_top,invariant_en_transfer_vs_position,invariant_en_transfer,naive_position,5.0,0.27378255004710206,0.043666060260409034,0.4808867527834521,0.2631578947368421,0.019230769230769232,0.5002551020408161,0.20405139918546417,0.07614669439655519,0.3457946337886369
tr,vpn,y_top,invariant_vs_general_en_transfer,invariant_en_transfer,general_en_transfer,5.0,0.18793745462586542,0.02560137614065816,0.31852591810872966,0.19298245614035087,0.03636363636363636,0.3333333333333333,0.13304371447368063,0.037929899545440335,0.19841521256613426
en,editors,y_mention,transfer_gap,general_seen,general_unseen,10.0,0.00689519664220295,-0.01055183635144306,0.02482109739759251,,,,0.029103147022693232,0.01344967047645124,0.045505729582480586
en,editors,y_mention,prior_dependence,M2_full,general_seen,10.0,0.07031870545508401,0.008206178203681145,0.12046272341552992,,,,0.03357040821713886,-0.024420870155721544,0.09607799229347
en,editors,y_mention,unseen_vs_position,general_unseen,naive_position,10.0,0.07291354505112291,0.05423290361584243,0.09829744191811454,,,,0.10206893622826518,0.06799691829825535,0.1423940043753283
en,editors,y_mention,invariant_transfer_gap,invariant_seen,invariant_unseen,10.0,0.0062551601966226444,-0.00013924693356874294,0.014226494636298522,,,,0.015068582945685027,0.004183053140193818,0.028462123685069285
en,editors,y_mention,invariant_vs_general_unseen,invariant_unseen,general_unseen,10.0,0.03605296205002351,0.023127517562478862,0.047615200906801165,,,,0.010796112610775843,-0.004919502877360254,0.02547462820882474
en,hosting,y_mention,transfer_gap,general_seen,general_unseen,10.0,0.012206341949875243,-0.0032566736312311982,0.028812864541383938,,,,-0.004554650519735026,-0.018436251484877212,0.005721146457439821
en,hosting,y_mention,prior_dependence,M2_full,general_seen,10.0,0.009336224994093922,-0.03856350771991382,0.04265343927693111,,,,-0.008642417142901149,-0.0422300734594797,0.02116763315620334
en,hosting,y_mention,unseen_vs_position,general_unseen,naive_position,10.0,0.059600573220404796,0.03279708930440595,0.09312565827308329,,,,0.11590766458343105,0.07238957346737682,0.1642841546543781
en,hosting,y_mention,invariant_transfer_gap,invariant_seen,invariant_unseen,10.0,0.0017754002519172474,-0.005910235447782744,0.00860611104752399,,,,-0.007150183714019542,-0.02270639690062084,0.00622888192138972
en,hosting,y_mention,invariant_vs_general_unseen,invariant_unseen,general_unseen,10.0,0.024230165910288592,0.010689116282226081,0.03728494697482669,,,,-0.0007107321717394477,-0.010685124662672064,0.006568300162282323
en,travel,y_mention,transfer_gap,general_seen,general_unseen,10.0,0.00396970585902412,-0.009435138051822204,0.021983069597316274,,,,0.028901225723709123,0.01221220946662936,0.045603137478021576
en,travel,y_mention,prior_dependence,M2_full,general_seen,10.0,0.08534659679819045,0.004135427045746463,0.1676762104848151,,,,0.13668469113355808,0.01686282116868582,0.2491704333454728
en,travel,y_mention,unseen_vs_position,general_unseen,naive_position,10.0,0.03157618432604059,-0.014754962418200748,0.07816037589397944,,,,0.0135551117892313,-0.044879309341504456,0.07570782716611307
en,travel,y_mention,invariant_transfer_gap,invariant_seen,invariant_unseen,10.0,0.009448784608255378,-0.001255483331265844,0.022564264479997147,,,,0.019322912189770558,0.005724636413085161,0.036475479239512866
en,travel,y_mention,invariant_vs_general_unseen,invariant_unseen,general_unseen,10.0,0.016483109675477725,-0.00677350220385166,0.049074152519285534,,,,0.0006824579002583375,-0.024964949603783176,0.020320955018915888
en,vpn,y_mention,transfer_gap,general_seen,general_unseen,10.0,0.030696999057767238,0.017454251635341533,0.04788322889176922,,,,0.018571994567237904,0.003373154362568629,0.04500882798722004
en,vpn,y_mention,prior_dependence,M2_full,general_seen,10.0,0.029549424026280247,0.012370903308841533,0.051260802935521904,,,,0.017271304219383388,-0.0005870425996572558,0.04622309112463374
en,vpn,y_mention,unseen_vs_position,general_unseen,naive_position,10.0,0.18364137643119005,0.14189929912613042,0.2216475852322275,,,,0.15401946561059288,0.10172746868367388,0.19834232768321367
en,vpn,y_mention,invariant_transfer_gap,invariant_seen,invariant_unseen,10.0,0.017440482612869346,0.009928994140899828,0.02617773866404932,,,,0.005397752415590706,-0.0020796329960280358,0.014763220885844686
en,vpn,y_mention,invariant_vs_general_unseen,invariant_unseen,general_unseen,10.0,0.029447881514894525,0.012833216306086054,0.04731024175197488,,,,0.01908744240127125,0.0040776077516715995,0.04324018304886463
tr,cosmetics,y_mention,en_transfer_vs_tr_trained,general_en_transfer,general_seen,5.0,0.01434735185847702,-0.037570131463434964,0.0280625498720824,,,,-0.06711474742060508,-0.14539952366745712,0.01116078673673512
tr,cosmetics,y_mention,en_transfer_vs_position,general_en_transfer,naive_position,5.0,0.04448515779967949,0.022244306503768185,0.05911225522931696,,,,0.021657986207193947,-0.003988720511514553,0.04668268737079817
tr,cosmetics,y_mention,invariant_en_transfer_vs_position,invariant_en_transfer,naive_position,5.0,0.07581251874552192,0.027938546253070518,0.12153656277131886,,,,0.041937569150061305,-0.013274308997502473,0.09345250815297339
tr,cosmetics,y_mention,invariant_vs_general_en_transfer,invariant_en_transfer,general_en_transfer,5.0,0.03132736094584243,-0.001849812765490455,0.06561494784418631,,,,0.020279582942867358,-0.057940130973506546,0.09623397968612885
tr,vpn,y_mention,en_transfer_vs_tr_trained,general_en_transfer,general_seen,5.0,0.020931283691972613,-0.016773485713957648,0.03275753729320685,,,,0.011275197971205797,-0.004618581734850413,0.036974219614391624
tr,vpn,y_mention,en_transfer_vs_position,general_en_transfer,naive_position,5.0,0.1457854106138674,0.09288351040819398,0.16308044552968115,,,,0.12177835708434437,0.07036326997424724,0.15769070913257488
tr,vpn,y_mention,invariant_en_transfer_vs_position,invariant_en_transfer,naive_position,5.0,0.19430709075957142,0.13090452569819389,0.21882109960517804,,,,0.12095912311161794,0.07401420668561698,0.1606708229219722
tr,vpn,y_mention,invariant_vs_general_en_transfer,invariant_en_transfer,general_en_transfer,5.0,0.048521680145704016,0.022615363411194755,0.062204355648667664,,,,-0.0008192339727264297,-0.015642624200758685,0.011694865387880341
