domain,target,feature,n_queries,n_comparisons,effect,effect_lo,effect_hi,direction,matched_effect,matched_effect_lo,matched_effect_hi,matched_direction,matched_n_comparisons,shap_share,shap_direction
en/editors,y_top,in_search_results,10,31523,0.6431177235669194,0.5770605997980939,0.7017373133979539,up,0.6431177235669194,0.5770605997980939,0.7017373133979539,up,31523,0.002357520420980313,-0.8645260227949624
en/editors,y_top,n_results_mentioning,10,9046,0.91277912889675,0.8703546865996961,0.9520179683067439,up,0.91277912889675,0.8703546865996961,0.9520179683067439,up,9046,0.3041880420678099,0.9380260380743342
en/editors,y_top,best_position,10,9046,0.6335396860490825,0.5687345371043849,0.7075895130803037,up,0.04316546762589928,-0.19261648745519713,0.33978658536585366,flat,139,0.025554644948231325,0.7135015746518564
en/editors,y_top,n_official,10,9046,0.03813840371434889,-0.017265680470011757,0.09328658976261017,flat,-0.07194244604316546,-0.18842538190364277,0.010243097238895523,flat,139,0.002845993540902541,-0.3537885105583539
en/editors,y_top,n_editorial,10,9046,0.44671678089763434,0.27556529418824355,0.6355075695595941,up,0.050359712230215826,-0.04377089968152866,0.17294786553159758,flat,139,0.03509220027963621,0.5753597204946339
en/editors,y_top,n_affiliate,10,9046,0.2233031173999558,0.11501266023367306,0.3624453768513291,up,0.14388489208633093,-0.009721121458292053,0.3459787288734656,flat,139,0.0059071603191260345,0.36771847342648534
en/editors,y_top,n_forum,10,9046,0.8736458103028963,0.7985418930454614,0.9357562449224137,up,0.16546762589928057,-0.07248550724637681,0.45647437946095654,flat,139,0.07697799734652783,0.9093196390857934
en/editors,y_top,n_retailer,10,9046,0.0,0.0,0.0,flat,0.0,0.0,0.0,flat,139,0.0,
en/editors,y_top,n_unknown,10,9046,0.767521556489056,0.6809077152522067,0.8497963012723646,up,-0.2446043165467626,-0.5570863226105068,0.03499999999999997,flat,139,0.012312023407899522,0.3335144397954103
en/editors,y_top,lex_authority,10,9046,0.3086447048419191,0.16629825803223738,0.4804493294694982,up,0.02158273381294964,-0.0862256371814093,0.15646406388642414,flat,139,0.008793648847165674,0.4898486670613548
en/editors,y_top,lex_social_proof,10,9046,0.430908688923281,0.31074453854098616,0.5363726638437721,up,0.03597122302158273,-0.26858128078817733,0.3542930825242718,flat,139,0.021022276489057877,0.5885198851200982
en/editors,y_top,lex_specificity,10,9046,0.02597833296484634,0.009134981909626904,0.04673327648806248,up,0.02158273381294964,0.0,0.045121326042378666,flat,139,0.00029792513563584196,-0.022755905193700535
en/editors,y_top,lex_hedging,10,9046,0.08180411231483528,0.04853976204312758,0.12075797458594652,up,0.03597122302158273,-0.02054794520547945,0.13961794019933546,flat,139,0.0023369258904138803,-0.13920092103267068
en/editors,y_top,lex_superlative,10,9046,-0.02277249613088658,-0.10947950273972006,0.06417129532834412,flat,0.3237410071942446,0.046856971153846155,0.6028894142369319,up,139,0.027234812133063165,0.5520032298621557
en/editors,y_top,snippet_words,10,9046,0.1849436214901614,0.0713137082977222,0.2783971962644438,up,0.30935251798561153,0.00646853146853147,0.6471521942110177,up,139,0.03001475105443194,0.4286771403939593
en/editors,y_top,snippet_has_year,10,9046,0.2553614857395534,0.1865708304272606,0.30746364284062633,up,0.02158273381294964,-0.010990528808208368,0.060155237231008546,flat,139,0.0,
en/editors,y_top,snippet_digit_share,10,9046,-0.05162502763652443,-0.171902127338261,0.04682479289530777,flat,0.28776978417266186,-0.026704225352112674,0.6269991789819376,flat,139,0.05603437718189762,-0.2528326617505952
en/hosting,y_top,in_search_results,10,25725,0.7094266277939747,0.6542777079728599,0.7514788111325914,up,0.7094266277939747,0.6542777079728599,0.7514788111325914,up,25725,0.0,
en/hosting,y_top,n_results_mentioning,10,6850,0.5817518248175182,0.4233792184724689,0.7802035103476423,up,0.5817518248175182,0.4233792184724689,0.7802035103476423,up,6850,0.08185682043142267,0.7670870122938573
en/hosting,y_top,best_position,10,6850,0.43255474452554743,0.356305672761369,0.509400995984044,up,0.34710743801652894,0.03400484946453829,0.5827096498916002,up,605,0.3923971696071798,0.8330197202099111
en/hosting,y_top,n_official,10,6850,0.29007299270072995,0.1916110051778293,0.41062756549211327,up,0.1305785123966942,-0.042276052146210594,0.33196974056677137,flat,605,0.013721712242645151,0.5865497231820048
en/hosting,y_top,n_editorial,10,6850,0.07751824817518248,-0.05089702567349179,0.2553440907671937,flat,0.15041322314049588,-0.12716983541947963,0.41946137064620476,flat,605,0.0163440836783671,0.5922115217361617
en/hosting,y_top,n_affiliate,10,6850,0.2162043795620438,0.15960255097367287,0.29697039482652626,up,-0.011570247933884297,-0.07035552172942747,0.10219317603123408,flat,605,0.00566706933305539,0.5867552968218266
en/hosting,y_top,n_forum,10,6850,0.5086131386861313,0.36765952776613675,0.6748170320579179,up,0.003305785123966942,-0.15306501547987617,0.2633046301524562,flat,605,0.026837937022059236,0.7602736395980039
en/hosting,y_top,n_retailer,10,6850,0.0,0.0,0.0,flat,0.0,0.0,0.0,flat,605,0.0,
en/hosting,y_top,n_unknown,10,6850,0.43824817518248177,0.2443665117289172,0.6628964962228993,up,-0.23636363636363636,-0.37806816103946395,-0.10372096908939019,down,605,0.03422739319328593,0.7215598212063106
en/hosting,y_top,lex_authority,10,6850,0.008175182481751826,-0.006808888573283558,0.02703185834082059,flat,-0.01818181818181818,-0.07199029341370446,0.0,flat,605,0.0011356946644403504,-0.21456276849383216
en/hosting,y_top,lex_social_proof,10,6850,0.00145985401459854,-0.024335805074690728,0.028358606357775658,flat,-0.013223140495867768,-0.04448275862068966,0.0018063961993209227,flat,605,0.002059471850487571,-0.19963664469849646
en/hosting,y_top,lex_specificity,10,6850,0.14481751824817518,0.0937097561031434,0.19987369842294223,up,-0.05950413223140496,-0.1585732747644512,0.025060022718276148,flat,605,0.008594824990289034,-0.43490309812225214
en/hosting,y_top,lex_hedging,10,6850,0.04262773722627737,-0.01970910274621212,0.09538178492642693,flat,-0.05785123966942149,-0.21957096857290057,-0.0034948051948051964,down,605,0.0035646645217355362,-0.2335437739576974
en/hosting,y_top,lex_superlative,10,6850,-0.1781021897810219,-0.30735743642677665,-0.006186831410369327,down,-0.20330578512396694,-0.44318119619843754,0.1990484944847459,flat,605,0.01323292675717971,-0.48653904728563685
en/hosting,y_top,snippet_words,10,6850,0.10656934306569343,-0.011743351555528983,0.22746528378336703,flat,0.24462809917355371,-0.02609221918432444,0.4368991575020901,flat,605,0.044736211276077485,0.2548564895122678
en/hosting,y_top,snippet_has_year,10,6850,0.1032116788321168,0.061217112307309515,0.15648953586715142,up,-0.03305785123966942,-0.14707885099565118,0.07352510343449538,flat,605,0.004246031251197651,0.5870549311265124
en/hosting,y_top,snippet_digit_share,10,6850,-0.07313868613138687,-0.1746436840371443,0.03740056954820519,flat,-0.07933884297520662,-0.2445857976422022,0.19277536133999726,flat,605,0.23370882505251342,-0.1583981432060743
en/travel,y_top,in_search_results,10,19994,0.6123837151145344,0.49876160641585554,0.7198194781705323,up,0.6123837151145344,0.49876160641585554,0.7198194781705323,up,19994,0.0,
en/travel,y_top,n_results_mentioning,10,4801,0.6581962091230994,0.4222717028361058,0.8178364327732449,up,0.6581962091230994,0.4222717028361058,0.8178364327732449,up,4801,0.015861683450813093,0.5369640231408023
en/travel,y_top,best_position,10,4801,0.5121849614663612,0.3724061250333009,0.6459605332683006,up,0.350597609561753,-0.09022575931781163,0.6515258617943163,flat,753,0.26701750098641724,0.8286657390151541
en/travel,y_top,n_official,10,4801,-0.20245782128723183,-0.4434015166376184,-0.015708720639136267,down,-0.37715803452855245,-0.6045104343320143,-0.15628578692932485,down,753,0.05558859282333842,-0.8388553389681901
en/travel,y_top,n_editorial,10,4801,0.02353676317433868,-0.09230928511755579,0.1443660706633404,flat,-0.06241699867197875,-0.1990032450356908,0.12028417673716003,flat,753,0.016161102189404444,0.4374640343441069
en/travel,y_top,n_affiliate,10,4801,0.12580712351593418,0.0053553283967394515,0.29947803304034476,up,-0.021248339973439574,-0.07416390000976467,0.012462358570551488,flat,753,0.005812653003053307,-0.004005549559713803
en/travel,y_top,n_forum,10,4801,0.5830035409289731,0.3714059322862074,0.7298711942801678,up,0.30278884462151395,-0.003205128205128205,0.6266788998861347,flat,753,0.03238252198931169,0.6151656936369764
en/travel,y_top,n_retailer,10,4801,0.059987502603624246,-0.014434157385021731,0.1789116043481606,flat,-0.055776892430278883,-0.20004032258064516,-0.002572571972739759,down,753,0.00567844168086556,0.12380274310763682
en/travel,y_top,n_unknown,10,4801,0.6367423453447199,0.37465298404164254,0.8086243501632933,up,0.16600265604249667,-0.101004448316205,0.560212668850871,flat,753,0.13858443401791395,0.8844436671742522
en/travel,y_top,lex_authority,10,4801,-0.013538846073734638,-0.037138381193651177,0.0,flat,-0.0199203187250996,-0.056297801866907554,0.0,flat,753,0.01982770570485515,-0.33969134216901237
en/travel,y_top,lex_social_proof,10,4801,-0.0054155384294938555,-0.021324164872415563,0.010102526418923646,flat,-0.02656042496679947,-0.10961750242521491,0.0013092905932526608,flat,753,0.0036755122247465978,0.06780367877006574
en/travel,y_top,lex_specificity,10,4801,-0.0029160591543428453,-0.016182099333456025,0.007045009581183628,flat,-0.00398406374501992,-0.021798443953852727,0.01619146500981033,flat,753,0.0,
en/travel,y_top,lex_hedging,10,4801,0.06207040199958342,0.007986241081761896,0.12673327203367196,up,0.1845949535192563,-0.01894361609727852,0.43242342342342327,flat,753,0.002621127075816803,-0.14925228940575655
en/travel,y_top,lex_superlative,10,4801,-0.161632993126432,-0.2930793018778214,-0.025031319624986326,down,-0.28950863213811423,-0.4494419166124988,-0.008128442171518492,down,753,0.051115805888743246,-0.6893335506657741
en/travel,y_top,snippet_words,10,4801,0.24807331805873775,0.06344626777338146,0.39458774030289634,up,0.1049136786188579,-0.3573511468172907,0.49465729701879174,flat,753,0.20046276874074423,0.6447315822567857
en/travel,y_top,snippet_has_year,10,4801,0.1914184544886482,0.004389371942099139,0.3373222818629995,up,-0.014608233731739707,-0.12794616732740152,0.11992659680995636,flat,753,0.008979643441155854,-0.4605194462967736
en/travel,y_top,snippet_digit_share,10,4801,-0.07394292855655071,-0.21310773461219013,0.0328857256278539,flat,-0.15803452855245684,-0.40000554323725057,0.09371814738292006,flat,753,0.059388158268791756,-0.5821647633351855
en/vpn,y_top,in_search_results,10,22425,0.6577034559643256,0.6205468516116156,0.6851665378769766,up,0.6577034559643256,0.6205468516116156,0.6851665378769766,up,22425,0.0,
en/vpn,y_top,n_results_mentioning,10,7626,0.8287437713086808,0.7378909875907678,0.8997669337435102,up,0.8287437713086808,0.7378909875907678,0.8997669337435102,up,7626,0.36539282091034936,0.9662950717681155
en/vpn,y_top,best_position,10,7626,0.4741673223183845,0.38464807183947586,0.5685250838141458,up,-0.06439393939393939,-0.13521262842757023,0.0821917808219178,flat,264,0.2613068709600066,0.5554488615724005
en/vpn,y_top,n_official,10,7626,0.22987149226330972,0.1270557433500068,0.32305913827609106,up,-0.10984848484848485,-0.1565253623188406,-0.03867403314917127,down,264,0.0022317849159780336,-0.0207090694152672
en/vpn,y_top,n_editorial,10,7626,0.7374770521898767,0.6434181721426563,0.8252630901716743,up,-0.26136363636363635,-0.5517468239564428,0.05608303124061957,flat,264,0.13135136211492326,0.8850499043966941
en/vpn,y_top,n_affiliate,10,7626,0.533569367951744,0.31449650536246104,0.7526767680885827,up,-0.11363636363636363,-0.443602534562212,0.265919909226767,flat,264,0.0156354497826113,0.39112256794745603
en/vpn,y_top,n_forum,10,7626,0.7128245476003147,0.5860390940339079,0.8362295535862176,up,0.36742424242424243,-0.2676500743838205,0.7114922103213241,flat,264,0.04770408556079265,0.8799935376244634
en/vpn,y_top,n_retailer,10,7626,0.011146079202727512,-0.00024975484114887937,0.02854051129446774,flat,-0.003787878787878788,-0.015710961522479847,0.0,flat,264,0.0,
en/vpn,y_top,n_unknown,10,7626,0.39076842381327037,0.25013066568747017,0.5211675770966474,up,-0.03787878787878788,-0.11277007248396989,0.028798294697575257,flat,264,0.006804442669442751,-0.7075893101654269
en/vpn,y_top,lex_authority,10,7626,0.25531077891424075,0.1446345045920674,0.35938239341112443,up,-0.007575757575757576,-0.09225436863862534,0.13304001800942844,flat,264,0.007931239367074462,0.41194684212812416
en/vpn,y_top,lex_social_proof,10,7626,0.04143718856543404,-0.00013441985859926746,0.09808206099942644,flat,0.003787878787878788,-0.011697626418988647,0.020980861244019138,flat,264,0.0008695968115491461,-0.026168342127930486
en/vpn,y_top,lex_specificity,10,7626,0.19630212431156568,0.10892325137933147,0.29272970088948824,up,-0.030303030303030304,-0.45455622576475657,0.2215793402614502,flat,264,0.011934574507560138,-0.5199277768392455
en/vpn,y_top,lex_hedging,10,7626,0.17060057697351166,0.08283946228624908,0.27751993086611976,up,0.07954545454545454,-0.044241881835607164,0.27446421688295,flat,264,0.0017203563791215425,0.2858371177026814
en/vpn,y_top,lex_superlative,10,7626,-0.24809861001835826,-0.4667935972467873,0.01222491855409892,flat,-0.3522727272727273,-0.6243391076577667,0.17337726792983857,flat,264,0.027044659461917926,-0.5956509804802849
en/vpn,y_top,snippet_words,10,7626,0.3964070285864149,0.213540668269204,0.5534266123657527,up,0.38257575757575757,-0.1791242201689963,0.6959022643636242,flat,264,0.05624675490869833,0.8586192421076723
en/vpn,y_top,snippet_has_year,10,7626,0.08208759506949909,0.03904195658410401,0.13412132938588803,up,-0.007575757575757576,-0.05263931888544891,0.00657930884904569,flat,264,0.0,
en/vpn,y_top,snippet_digit_share,10,7626,-0.05350118017309206,-0.29499815744228586,0.2112399775768702,flat,-0.45075757575757575,-0.729034610149718,0.12439458689458677,flat,264,0.05643326370533455,-0.27460154150869337
tr/cosmetics,y_top,in_search_results,3,1752,0.4583333333333333,0.3093607305936073,0.6410958904109589,n/a,0.4583333333333333,0.3093607305936073,0.6410958904109589,n/a,1752,0.0008607568545618681,-0.6114349815265594
tr/cosmetics,y_top,n_results_mentioning,3,180,0.7611111111111111,0.4927536231884058,0.9545454545454546,n/a,0.7611111111111111,0.4927536231884058,0.9545454545454546,n/a,180,0.13533892981106946,0.7658415596483209
tr/cosmetics,y_top,best_position,3,180,0.3,0.13636363636363635,0.43283582089552236,n/a,0.034482758620689655,0.034482758620689655,0.034482758620689655,n/a,29,0.025452208552695067,0.6097733782544441
tr/cosmetics,y_top,n_official,3,180,0.07222222222222222,0.0,0.13636363636363635,n/a,0.0,0.0,0.0,n/a,29,0.0,
tr/cosmetics,y_top,n_editorial,3,180,-0.2222222222222222,-0.31343283582089554,0.0,n/a,-0.13793103448275862,-0.13793103448275862,-0.13793103448275862,n/a,29,0.0052652589330838846,-0.6144991486846473
tr/cosmetics,y_top,n_affiliate,3,180,0.0,0.0,0.0,n/a,0.0,0.0,0.0,n/a,29,0.0,
tr/cosmetics,y_top,n_forum,3,180,0.2611111111111111,0.057971014492753624,0.44776119402985076,n/a,0.034482758620689655,0.034482758620689655,0.034482758620689655,n/a,29,0.0,
tr/cosmetics,y_top,n_retailer,3,180,0.5444444444444444,0.06818181818181818,0.835820895522388,n/a,0.3103448275862069,0.3103448275862069,0.3103448275862069,n/a,29,0.01605247825193731,0.8497871910327065
tr/cosmetics,y_top,n_unknown,3,180,0.19444444444444445,-0.08695652173913043,0.5454545454545454,n/a,-0.20689655172413793,-0.20689655172413793,-0.20689655172413793,n/a,29,0.0066350407576852245,-0.8021698428969843
tr/cosmetics,y_top,lex_authority,3,180,0.25,-0.045454545454545456,0.746268656716418,n/a,-0.06896551724137931,-0.06896551724137931,-0.06896551724137931,n/a,29,0.0,
tr/cosmetics,y_top,lex_social_proof,3,180,0.0,0.0,0.0,n/a,0.0,0.0,0.0,n/a,29,0.0,
tr/cosmetics,y_top,lex_specificity,3,180,0.05,0.0,0.13432835820895522,n/a,0.0,0.0,0.0,n/a,29,0.0,
tr/cosmetics,y_top,lex_hedging,3,180,0.0,0.0,0.0,n/a,0.0,0.0,0.0,n/a,29,0.0,
tr/cosmetics,y_top,lex_superlative,3,180,-0.027777777777777776,-0.29545454545454547,0.05970149253731343,n/a,0.0,0.0,0.0,n/a,29,0.03488940393801985,-0.8240229617845423
tr/cosmetics,y_top,snippet_words,3,180,-0.16111111111111112,-0.2463768115942029,-0.04477611940298507,n/a,0.034482758620689655,0.034482758620689655,0.034482758620689655,n/a,29,0.026099503822153917,0.26978195418039425
tr/cosmetics,y_top,snippet_has_year,3,180,-0.28888888888888886,-0.3283582089552239,-0.25,n/a,-0.1724137931034483,-0.1724137931034483,-0.1724137931034483,n/a,29,0.040085294447475765,-0.7866416067855665
tr/cosmetics,y_top,snippet_digit_share,3,180,0.011111111111111112,-0.3181818181818182,0.5072463768115942,n/a,0.5862068965517241,0.5862068965517241,0.5862068965517241,n/a,29,0.14441541386323908,0.7808121372717952
tr/vpn,y_top,in_search_results,5,1311,0.5835240274599542,0.5223877980364656,0.6648256219483841,up,0.5835240274599542,0.5223877980364656,0.6648256219483841,up,1311,0.0,
tr/vpn,y_top,n_results_mentioning,5,339,0.7610619469026548,0.6446991404011462,0.9062316715542521,up,0.7610619469026548,0.6446991404011462,0.9062316715542521,up,339,0.15480422189892554,0.9275931503163629
tr/vpn,y_top,best_position,5,339,0.4690265486725664,0.3420074349442379,0.5950617283950618,up,0.24444444444444444,0.0,0.3103448275862069,flat,45,0.08718687990357778,0.22426999397225014
tr/vpn,y_top,n_official,5,339,0.2713864306784661,0.14893073593073594,0.34025974025974026,up,0.044444444444444446,-0.16666666666666666,0.08928571428571429,flat,45,0.019407492749478387,0.5029063999165152
tr/vpn,y_top,n_editorial,5,339,0.5663716814159292,0.3438395415472779,0.8107748797163837,up,0.08888888888888889,-0.2727272727272727,0.35714285714285715,flat,45,0.01351597664427098,-0.3695545970923345
tr/vpn,y_top,n_affiliate,5,339,0.31563421828908556,0.07766990291262135,0.6478149100257069,up,-0.13333333333333333,-0.2328767123287671,0.26666666666666666,flat,45,0.012507003094229625,0.6171845489382547
tr/vpn,y_top,n_forum,5,339,0.26253687315634217,-0.02074688796680498,0.48767166042446936,flat,-0.06666666666666667,-0.3793103448275862,0.16279069767441862,flat,45,0.01987765924380173,0.7921964605907547
tr/vpn,y_top,n_retailer,5,339,0.0,0.0,0.0,flat,0.0,0.0,0.0,flat,45,0.0,
tr/vpn,y_top,n_unknown,5,339,0.32448377581120946,0.010845986984815618,0.6470588235294118,up,0.044444444444444446,-0.30952380952380953,0.42424242424242425,flat,45,0.02804649209490498,0.6171824756441132
tr/vpn,y_top,lex_authority,5,339,0.19174041297935104,0.045845272206303724,0.362250120820702,up,0.044444444444444446,0.0,0.22261904761904724,flat,45,0.0,
tr/vpn,y_top,lex_social_proof,5,339,0.0,0.0,0.0,flat,0.0,0.0,0.0,flat,45,0.0,
tr/vpn,y_top,lex_specificity,5,339,0.18289085545722714,-0.028011204481792718,0.504950495049505,flat,0.044444444444444446,-0.03773584905660377,0.21790890269151092,flat,45,0.0072330997550470386,0.5875158735951407
tr/vpn,y_top,lex_hedging,5,339,-0.0029498525073746312,-0.007125890736342043,0.0,flat,-0.022222222222222223,-0.047619047619047616,0.0,flat,45,0.0,
tr/vpn,y_top,lex_superlative,5,339,-0.20943952802359883,-0.3333333333333333,-0.045936395759717315,down,0.1111111111111111,-0.06451612903225806,0.5333333333333333,flat,45,0.03673636019808512,0.522105788455678
tr/vpn,y_top,snippet_words,5,339,0.3480825958702065,0.06906906906906907,0.6261682242990654,up,0.4,0.31343283582089554,0.7147619047619044,up,45,0.16179723130986248,0.8366378835723987
tr/vpn,y_top,snippet_has_year,5,339,0.27728613569321536,0.12324929971988796,0.4485981308411215,up,0.2,0.07692307692307693,0.5454545454545454,up,45,0.004911478012234162,0.8188502016008455
tr/vpn,y_top,snippet_digit_share,5,339,0.1592920353982301,-0.05475504322766571,0.37809187279151946,flat,0.28888888888888886,-0.1,0.7272727272727273,flat,45,0.03952164749486945,0.2956240249814333
en/editors,y_mention,in_search_results,10,195231,0.5386439653538628,0.46134075820032294,0.6214849169985291,up,0.5386439653538628,0.46134075820032294,0.6214849169985291,up,195231,0.0,
en/editors,y_mention,n_results_mentioning,10,27424,0.5474037339556592,0.43951936321335,0.6477866770554614,up,0.5474037339556592,0.43951936321335,0.6477866770554614,up,27424,0.21329658932659212,0.9159450895971049
en/editors,y_mention,best_position,10,27424,0.3895492998833139,0.2953601747799776,0.4875278569327823,up,0.01197899573350837,-0.04587750145756143,0.08994408544622547,flat,6094,0.07891599500608351,0.009977391361302275
en/editors,y_mention,n_official,10,27424,0.13696032672112018,0.0925525010607998,0.1816075618346587,up,0.046110928782408925,0.0032215589175021604,0.08347753873267036,up,6094,0.008035751126608428,0.41401199700794644
en/editors,y_mention,n_editorial,10,27424,0.1325845974329055,0.08161646764450503,0.20383109298572782,up,0.0077125041023957995,-0.0327602681698632,0.041142175646020934,flat,6094,0.014078023234085356,0.5244878967123606
en/editors,y_mention,n_affiliate,10,27424,0.06946470245040841,0.03223792926547563,0.11527855271206332,up,0.00016409583196586806,-0.0018876818958323662,0.0026575734314411214,flat,6094,0.001494034387745988,-0.3607891373164443
en/editors,y_mention,n_forum,10,27424,0.40905775962660446,0.29851041510257975,0.518193327672352,up,-0.062192320315064,-0.12528109193872364,-0.008038688374065888,down,6094,0.03052932913826723,0.7372928689453673
en/editors,y_mention,n_retailer,10,27424,0.0,0.0,0.0,flat,0.0,0.0,0.0,flat,6094,0.0,
en/editors,y_mention,n_unknown,10,27424,0.47498541423570595,0.36954138231967765,0.5659353404572476,up,0.015425008204791599,-0.037437454318958605,0.08885835478972733,flat,6094,0.07320720587325939,0.9134525848983146
en/editors,y_mention,lex_authority,10,27424,0.11920215869311553,0.07813662606526002,0.16205189095215783,up,-0.005415162454873646,-0.010304097769581178,-0.0010916512769969778,down,6094,0.0027818776006238197,-0.21361365578905908
en/editors,y_mention,lex_social_proof,10,27424,0.12281213535589265,0.07924184136331694,0.19795195641062172,up,0.0031178208073514933,-0.027532433864146527,0.02536149073598965,flat,6094,0.004458979784377254,0.10966368711458775
en/editors,y_mention,lex_specificity,10,27424,0.026691948658109685,0.010741986256589061,0.04508462729536264,up,0.0,-0.002019672823583201,0.003387041156505645,flat,6094,0.0,
en/editors,y_mention,lex_hedging,10,27424,0.0701210618436406,0.03721961914483831,0.10800963201837499,up,-0.00016409583196586806,-0.01053375320441814,0.009396534388520993,flat,6094,0.0008619095765523893,0.1964843787180914
en/editors,y_mention,lex_superlative,10,27424,-0.2083941073512252,-0.26932967584893064,-0.13554434669965312,down,-0.21775516901870692,-0.28446778362833464,-0.14527484138773153,down,6094,0.0379395039583067,-0.9197184346427142
en/editors,y_mention,snippet_words,10,27424,0.008277421236872811,-0.10448276966652972,0.10622856140512872,flat,-0.013291762389235313,-0.16151846843910683,0.09145030593682818,flat,6094,0.3827411756072866,-0.01572683994852156
en/editors,y_mention,snippet_has_year,10,27424,0.12868290548424738,0.04311423493007496,0.2047311333178558,up,-0.04857236626189695,-0.21389395885565135,0.07853385890277494,flat,6094,0.0005207650563030242,0.7312532222514226
en/editors,y_mention,snippet_digit_share,10,27424,-0.1794049008168028,-0.27666356937012065,-0.08301298782409153,down,-0.21545782737118477,-0.31490505641481464,-0.09784001502720174,down,6094,0.05501864481870943,0.23787938494766536
en/hosting,y_mention,in_search_results,10,242262,0.6283114974696816,0.5567851211170167,0.7059009876984298,up,0.6283114974696816,0.5567851211170167,0.7059009876984298,up,242262,0.24106384109209963,0.777588485509367
en/hosting,y_mention,n_results_mentioning,10,28691,0.56024537311352,0.47289884477603106,0.6581178557839891,up,0.56024537311352,0.47289884477603106,0.6581178557839891,up,28691,0.1353520312756117,0.9448888501674625
en/hosting,y_mention,best_position,10,28691,0.43191244641176674,0.36232862031519986,0.5013321092911703,up,0.15337650323774282,-0.015556689724636232,0.28348052479288777,flat,5405,0.04517346956972584,0.8538460044103154
en/hosting,y_mention,n_official,10,28691,0.1557979854309714,0.11013788497097846,0.2116899357779044,up,-0.0025901942645698427,-0.06160999709386806,0.045503864337120746,flat,5405,0.00409726977675499,0.5175036200602985
en/hosting,y_mention,n_editorial,10,28691,-0.011815551915234743,-0.08855073061119363,0.08269436938488404,flat,0.02238667900092507,-0.11176821706274535,0.17585035391790427,flat,5405,0.0032427824118171212,0.45763480360803105
en/hosting,y_mention,n_affiliate,10,28691,0.11121954619915653,0.06853341799717656,0.16795166321211175,up,-0.0784458834412581,-0.16947336530184845,0.007707397724317751,flat,5405,0.02129314935701827,0.6065426595354024
en/hosting,y_mention,n_forum,10,28691,0.3955247290090969,0.3228109794080795,0.5101802667446628,up,0.004440333024976873,-0.11733012133912721,0.11427799451106685,flat,5405,0.0195075278224966,0.8582210401765412
en/hosting,y_mention,n_retailer,10,28691,0.0,0.0,0.0,flat,0.0,0.0,0.0,flat,5405,0.0,
en/hosting,y_mention,n_unknown,10,28691,0.49276776689554214,0.3597885442160127,0.5936858711375399,up,0.05846438482886217,-0.12260474014719669,0.21323450052077234,flat,5405,0.040662868826793215,0.6987510002663079
en/hosting,y_mention,lex_authority,10,28691,0.023665957965912657,0.012283031851503784,0.03448982465646699,up,-0.0012950971322849213,-0.006429681769437856,0.004331631863963814,flat,5405,0.0005789626117040175,-0.23465048484387327
en/hosting,y_mention,lex_social_proof,10,28691,0.05771844829389007,0.013419732728019327,0.11655395313726756,up,0.012950971322849213,0.00033812577754180616,0.03004811752472843,up,5405,0.00606490378006684,0.3833567031108449
en/hosting,y_mention,lex_specificity,10,28691,0.11839949810044961,0.055530034033915605,0.1795264266763939,up,-0.030342275670675302,-0.0824942847125831,0.014534349301182005,flat,5405,0.005005365189461458,-0.37047521348259815
en/hosting,y_mention,lex_hedging,10,28691,0.0750758077445889,0.0359956231099064,0.14376752223040234,up,-0.0014801110083256244,-0.013094580764532682,0.010076555154239284,flat,5405,0.0019168977757015163,0.35287050551666427
en/hosting,y_mention,lex_superlative,10,28691,-0.24627932104144157,-0.34407289135161995,-0.11056681041670335,down,-0.235522664199815,-0.3781511523645058,-0.04741878206155204,down,5405,0.013240371522638598,-0.13985239868412333
en/hosting,y_mention,snippet_words,10,28691,0.1962984908159353,0.13799337412567056,0.2730443590408982,up,0.24606845513413506,0.21116284308015013,0.2882380554807059,up,5405,0.26565910629150497,0.523070413558366
en/hosting,y_mention,snippet_has_year,10,28691,0.08473040326234708,0.020971252386661088,0.1553047433590851,up,-0.046993524514338574,-0.1827273220348762,0.04782513774070331,flat,5405,0.002185558880989292,-0.5665820034526807
en/hosting,y_mention,snippet_digit_share,10,28691,-0.1818688787424628,-0.26110938436411035,-0.09856611732904051,down,-0.12210915818686402,-0.20286465070303378,-0.055937116548947875,down,5405,0.0298893838441426,-0.40460673254231516
en/travel,y_mention,in_search_results,10,146990,0.6167562419212191,0.5629974384193148,0.664441112735781,up,0.6167562419212191,0.5629974384193148,0.664441112735781,up,146990,0.5157466229096109,0.7870410724515257
en/travel,y_mention,n_results_mentioning,10,17607,0.4741296075424547,0.3374490171905462,0.555323342371991,up,0.4741296075424547,0.3374490171905462,0.555323342371991,up,17607,0.042314333767322486,0.7973297804378028
en/travel,y_mention,best_position,10,17607,0.40148804452774467,0.32269183657361766,0.48621183726867523,up,0.11032500552730488,0.02386193992650809,0.24364209595511546,up,4523,0.07760094093441605,0.879387204142808
en/travel,y_mention,n_official,10,17607,0.1198954961095019,0.04150330755796844,0.21433455230970974,up,0.019013928808313065,-0.08624102960605333,0.12447193997822495,flat,4523,0.04817918143127271,0.7701166106646136
en/travel,y_mention,n_editorial,10,17607,0.03810984267620832,-0.06970005704712046,0.1258452208894218,flat,-0.07450806986513377,-0.15500312297842914,0.010194290990469332,flat,4523,0.00616690688329527,0.4837930043044373
en/travel,y_mention,n_affiliate,10,17607,0.013574146646220253,-0.044111714989779414,0.06038135166619842,flat,-0.050187928366128676,-0.08544893746857758,-0.013230057797917747,down,4523,0.007837005952320506,-0.6455994073796185
en/travel,y_mention,n_forum,10,17607,0.36525245640938264,0.19702842827815165,0.497719224558041,up,0.08180411231483528,-0.017361676414495805,0.18186938960791685,flat,4523,0.02355167798788631,0.8347457065900489
en/travel,y_mention,n_retailer,10,17607,0.025728403475890272,0.004092787095444066,0.04496005128401754,up,-0.0033163829316825116,-0.020766773162939296,0.004266824092280895,flat,4523,0.003429429549083658,-0.31724819805741317
en/travel,y_mention,n_unknown,10,17607,0.3632646106662123,0.17319275368943388,0.4938341012597559,up,0.03648021224850763,-0.07751207340786927,0.15903327415141083,flat,4523,0.06396173849362974,0.8755688621730568
en/travel,y_mention,lex_authority,10,17607,0.015505196796728574,-0.002670889370204912,0.04430892713394329,flat,0.0015476453681185054,-0.003052453248328757,0.00973777142176791,flat,4523,0.00161676977617176,-0.2914239128241959
en/travel,y_mention,lex_social_proof,10,17607,0.024308513659340034,0.008029064421317511,0.04019108009608281,up,0.01414990050851205,-0.0015259778441307494,0.04334881934479268,flat,4523,0.007904454669857298,0.2202584555608611
en/travel,y_mention,lex_specificity,10,17607,0.009257681603907537,0.0006618630467844713,0.022592604007056247,up,0.013486623922175547,0.0,0.041157194400314165,flat,4523,0.0020408840723813012,0.12956476506608983
en/travel,y_mention,lex_hedging,10,17607,0.040097688419378656,0.02047733494813166,0.05577241864247029,up,0.024983418085341588,-0.02078513750524792,0.080873208316329,flat,4523,0.0028150713079819326,-0.2410420688972862
en/travel,y_mention,lex_superlative,10,17607,-0.08877151133072074,-0.2233566290372949,0.031323031621925984,flat,-0.142604466062348,-0.37373128313054305,0.07598628262954685,flat,4523,0.021001113566225915,-0.5016692127743387
en/travel,y_mention,snippet_words,10,17607,0.10643494064860567,-0.037423449510631826,0.2529960872605893,flat,0.14017245191244748,-0.08982013336788754,0.3068228031802406,flat,4523,0.0625113476086053,0.5492461640977618
en/travel,y_mention,snippet_has_year,10,17607,0.18600556596808088,0.036144622258123184,0.3233878804117659,up,-0.03073181516692461,-0.08397047991036886,0.03597959475267328,flat,4523,0.00963744477466764,0.03068100504671987
en/travel,y_mention,snippet_digit_share,10,17607,0.07116487760549782,-0.0967114486853776,0.22618166625752512,flat,-0.007296042449701525,-0.12372335486766474,0.15564453291765665,flat,4523,0.036837638865588315,0.5622793323434497
en/vpn,y_mention,in_search_results,10,99056,0.759418914553384,0.7196315316993717,0.7866876851376954,up,0.759418914553384,0.7196315316993717,0.7866876851376954,up,99056,0.07525826314636273,0.830614464885215
en/vpn,y_mention,n_results_mentioning,10,20484,0.8329427846123804,0.758295631346552,0.8958378024061686,up,0.8329427846123804,0.758295631346552,0.8958378024061686,up,20484,0.34380828937315094,0.9735551756646089
en/vpn,y_mention,best_position,10,20484,0.5392013278656512,0.4631894141492358,0.6153795903917614,up,-0.016304347826086956,-0.13804084058491076,0.11871124036536036,flat,1288,0.13339371483722173,0.6979971574281316
en/vpn,y_mention,n_official,10,20484,0.22920328060925602,0.13329836618389249,0.34382090423633377,up,-0.03260869565217391,-0.11738769244122338,0.03023647210088257,flat,1288,0.009265252386326906,0.6403231645407712
en/vpn,y_mention,n_editorial,10,20484,0.6533391915641477,0.5352137977860493,0.7713882769262622,up,-0.2686335403726708,-0.4008325624178712,-0.1448539095181532,down,1288,0.02175402615264745,0.5052615350861184
en/vpn,y_mention,n_affiliate,10,20484,0.5294864284319469,0.411352113742087,0.6330792718197629,up,0.017080745341614908,-0.03150551805421622,0.060938857230864,flat,1288,0.011990551963828703,0.3753961584302973
en/vpn,y_mention,n_forum,10,20484,0.6264889669986331,0.5560326303559738,0.6823449646666383,up,0.27639751552795033,0.13261157385099012,0.3793914180359602,up,1288,0.017478871174228208,0.8680884843164409
en/vpn,y_mention,n_retailer,10,20484,0.003222026947861746,0.0,0.008440975898161757,flat,0.0,0.0,0.0,flat,1288,0.0,
en/vpn,y_mention,n_unknown,10,20484,0.3733645772310096,0.2708766551100184,0.47532867507457965,up,0.0007763975155279503,-0.025209282842306703,0.031139136484074455,flat,1288,0.001208192388904464,-0.7502243802829657
en/vpn,y_mention,lex_authority,10,20484,0.252929115407147,0.17986341733661004,0.33553148204659006,up,-0.002329192546583851,-0.06319548054208628,0.047450956388676344,flat,1288,0.006813411365473968,0.6654718108933886
en/vpn,y_mention,lex_social_proof,10,20484,0.03436828744385862,0.015338517778280037,0.0566464696614841,up,0.0007763975155279503,0.0,0.0023205921894312287,flat,1288,0.0009350496962310898,0.23380818495984823
en/vpn,y_mention,lex_specificity,10,20484,0.3326986916617848,0.26933108100259257,0.39456545145826666,up,0.12111801242236025,0.03280635926512688,0.2194493289749539,up,1288,0.013224285053411725,0.7899096972895474
en/vpn,y_mention,lex_hedging,10,20484,0.15260691271236088,0.1025912053653961,0.20886283028991398,up,0.0038819875776397515,-0.004245580937119311,0.015671364428330323,flat,1288,0.0016793376003100987,0.3976595277138089
en/vpn,y_mention,lex_superlative,10,20484,-0.22773872290568248,-0.3280599898819462,-0.10446160502772579,down,-0.2251552795031056,-0.37072506935183336,-0.09215643470740674,down,1288,0.009832098586790782,-0.4292823667431265
en/vpn,y_mention,snippet_words,10,20484,0.3599394649482523,0.3012193851497427,0.42312108284002903,up,0.23136645962732919,0.07650731737537111,0.37209828868277983,up,1288,0.17234348524313065,0.7178494505276711
en/vpn,y_mention,snippet_has_year,10,20484,0.05843585237258348,0.02900890907542254,0.0948311988291177,up,-0.1048136645962733,-0.18448116298116296,-0.021531417407197332,down,1288,0.008432030714118742,0.4581825118341314
en/vpn,y_mention,snippet_digit_share,10,20484,0.03368482718219098,-0.1293780897940948,0.22664189259166992,flat,-0.12888198757763975,-0.262930554911687,0.01087693294501074,flat,1288,0.02880967572535952,-0.4369440504192989
tr/cosmetics,y_mention,in_search_results,5,43457,0.5190878339508019,0.39921946066492564,0.6320302109063272,up,0.5190878339508019,0.39921946066492564,0.6320302109063272,up,43457,0.0017159365832317757,-0.6253904825354598
tr/cosmetics,y_mention,n_results_mentioning,5,2420,0.2975206611570248,0.19548063127690102,0.4919908466819222,up,0.2975206611570248,0.19548063127690102,0.4919908466819222,up,2420,0.026761105611875734,0.5193130826784496
tr/cosmetics,y_mention,best_position,5,2420,0.13512396694214876,-0.007181404247418899,0.2789307069996483,flat,-0.013755158184319119,-0.24088145896656535,0.2180537486150788,flat,1454,0.024316799468230014,-0.5055294741193627
tr/cosmetics,y_mention,n_official,5,2420,0.02975206611570248,0.0,0.08787185354691075,flat,0.0020632737276478678,0.0,0.01048951048951049,flat,1454,0.0,
tr/cosmetics,y_mention,n_editorial,5,2420,-0.18429752066115704,-0.3006896551724138,-0.09045770340801751,down,-0.18982118294360384,-0.31660692951015534,-0.11221326720396776,down,1454,0.029643711360773622,-0.8217197239725023
tr/cosmetics,y_mention,n_affiliate,5,2420,-0.0070247933884297524,-0.014586014586014585,0.0,flat,0.0,-0.01683816651075772,0.016333938294010888,flat,1454,0.0,
tr/cosmetics,y_mention,n_forum,5,2420,0.11983471074380166,0.06163431510440307,0.1915925626515764,up,0.07771664374140302,0.02127659574468085,0.10605276771857217,up,1454,0.019063271903586296,0.5468586727332257
tr/cosmetics,y_mention,n_retailer,5,2420,0.171900826446281,0.02116182572614108,0.46053246146660437,up,0.02200825309491059,-0.06386138613861386,0.15478627757006663,flat,1454,0.0016873337031572417,0.31337928206288485
tr/cosmetics,y_mention,n_unknown,5,2420,0.22396694214876034,0.13080771979985703,0.3516160626836435,up,0.09284731774415406,-0.047186932849364795,0.2815715622076707,flat,1454,0.021527681276894913,0.5707466383069016
tr/cosmetics,y_mention,lex_authority,5,2420,0.06859504132231405,-0.010621557828481511,0.24210526315789474,flat,-0.017881705639614855,-0.03061808305411717,-0.00911854103343465,down,1454,0.0012173737333689137,-0.3366725020265561
tr/cosmetics,y_mention,lex_social_proof,5,2420,0.0,0.0,0.0,flat,0.0,0.0,0.0,flat,1454,0.0,
tr/cosmetics,y_mention,lex_specificity,5,2420,0.02603305785123967,0.0,0.0782608695652174,flat,0.0,0.0,0.0,flat,1454,0.0,
tr/cosmetics,y_mention,lex_hedging,5,2420,0.0,0.0,0.0,flat,0.0,0.0,0.0,flat,1454,0.0,
tr/cosmetics,y_mention,lex_superlative,5,2420,0.1797520661157025,0.04930278884462151,0.2833796940194715,up,0.1643741403026135,0.0718835304822566,0.22496147919876733,up,1454,0.0110148911675111,-0.36082134817947964
tr/cosmetics,y_mention,snippet_words,5,2420,0.021900826446280993,-0.1459954233409611,0.2177121771217712,flat,0.021320495185694635,-0.17204301075268819,0.2116564417177914,flat,1454,0.47808501310801915,0.17592890616200824
tr/cosmetics,y_mention,snippet_has_year,5,2420,0.002892561983471074,-0.1940222897669706,0.17500970120294917,flat,0.000687757909215956,-0.2428842504743833,0.14843348741653825,flat,1454,0.006110615331740604,-0.6068411881792715
tr/cosmetics,y_mention,snippet_digit_share,5,2420,0.15330578512396695,-0.10009960159362549,0.40065614822492784,flat,0.11279229711141678,-0.18085106382978725,0.3874557410217501,flat,1454,0.020799005055801914,-0.13383822760653988
tr/vpn,y_mention,in_search_results,5,6352,0.6196473551637279,0.5264057160608885,0.7062146892655368,up,0.6196473551637279,0.5264057160608885,0.7062146892655368,up,6352,0.007565439930422917,0.7893358052987465
tr/vpn,y_mention,n_results_mentioning,5,1013,0.7137216189536032,0.6174812030075187,0.8466757123473542,up,0.7137216189536032,0.6174812030075187,0.8466757123473542,up,1013,0.1670740866128422,0.9037063776820244
tr/vpn,y_mention,best_position,5,1013,0.41954590325765057,0.32998885172798215,0.49480315044097695,up,-0.0784313725490196,-0.3333333333333333,0.058823529411764705,flat,204,0.10484281844609085,-0.1780865725598529
tr/vpn,y_mention,n_official,5,1013,0.1688055281342547,0.11746280344557557,0.2396593673965937,up,0.049019607843137254,0.010256410256410256,0.1509433962264151,up,204,0.011433633693865188,0.47950299770267196
tr/vpn,y_mention,n_editorial,5,1013,0.491609081934847,0.3350676378772112,0.6528925619834711,up,-0.04411764705882353,-0.35036496350364965,0.192090395480226,flat,204,0.04986460668962325,0.43106544983169154
tr/vpn,y_mention,n_affiliate,5,1013,0.43731490621915103,0.2925170068027211,0.6374269005847953,up,0.058823529411764705,-0.05649717514124294,0.24087591240875914,flat,204,0.008017665447385776,0.48980361420369417
tr/vpn,y_mention,n_forum,5,1013,0.19743336623889438,0.10806916426512968,0.2612099644128114,up,-0.12745098039215685,-0.2169811320754717,-0.006711409395973154,down,204,0.002572013845209009,0.7745619778449323
tr/vpn,y_mention,n_retailer,5,1013,0.0,0.0,0.0,flat,0.0,0.0,0.0,flat,204,0.0,
tr/vpn,y_mention,n_unknown,5,1013,0.2744323790720632,0.1423728813559322,0.40998217468805703,up,0.058823529411764705,-0.022598870056497175,0.19011312470285507,flat,204,0.03604123581969635,0.7983215297262751
tr/vpn,y_mention,lex_authority,5,1013,0.07996051332675222,0.03764375721004526,0.14046822742474915,up,0.0,0.0,0.0,flat,204,0.0,
tr/vpn,y_mention,lex_social_proof,5,1013,0.0,0.0,0.0,flat,0.0,0.0,0.0,flat,204,0.0,
tr/vpn,y_mention,lex_specificity,5,1013,0.13030602171767028,0.06749346529924648,0.1997716894977169,up,0.06862745098039216,0.01762114537444934,0.12698412698412698,up,204,0.009790011447403399,0.5686741533415011
tr/vpn,y_mention,lex_hedging,5,1013,-0.0029615004935834156,-0.0079155672823219,0.0,flat,-0.004901960784313725,-0.011299435028248588,0.0,flat,204,0.0,
tr/vpn,y_mention,lex_superlative,5,1013,-0.3336623889437315,-0.45426195426195426,-0.21315192743764172,down,-0.1323529411764706,-0.28444444444444444,0.02586206896551724,flat,204,0.019372198115180497,-0.6918136307961248
tr/vpn,y_mention,snippet_words,5,1013,0.47482724580454094,0.2885973763874874,0.6361746361746362,up,0.29901960784313725,0.07692307692307693,0.4389312977099237,up,204,0.21542550816341938,0.8733720799734656
tr/vpn,y_mention,snippet_has_year,5,1013,0.4471865745310958,0.3424036281179138,0.5426195426195426,up,0.29901960784313725,0.1724137931034483,0.3891402714932127,up,204,0.017573827284298186,0.8350869438267089
tr/vpn,y_mention,snippet_digit_share,5,1013,0.19447186574531095,0.08834586466165413,0.33395660193351406,up,0.18137254901960784,0.008620689655172414,0.3656387665198238,up,204,0.03706995866225335,0.028365998481151268
